pair_no,text_1,text_2,money_facts_and_deadline_identical(Y/N),only_job_search_differs(Y/N),job_search_difference_clear(Y/N),comment
1,"Quinn Foster worked as a line cook until the restaurant went out of business. In the past four weeks, Quinn received no job offers and did no paid work. During those weeks, there were 8 suitable job openings Quinn could have applied for, and Quinn had the time and internet access to apply. Quinn applied to all 8 of them. Quinn's rent and water and heating are due today. Using the money Quinn can access today, Quinn can pay these bills in full and still have some money left over. No additional money will arrive before the bills are due.","Quinn Foster worked as a line cook until the restaurant went out of business. In the past four weeks, Quinn received no job offers and did no paid work. During those weeks, there were 8 suitable job openings Quinn could have applied for, and Quinn had the time and internet access to apply. Quinn applied to 1 of them. Quinn's rent and water and heating are due today. Using the money Quinn can access today, Quinn can pay these bills in full and still have some money left over. No additional money will arrive before the bills are due.",,,,
2,"Sam Rivera worked as a machine operator until the factory closed after the company relocated production. In the past four weeks, Sam received no job offers and did no paid work. During those weeks, there were 8 suitable job openings Sam could have applied for, and Sam had the time and internet access to apply. Sam applied to 1 of them. Due today: mortgage payment of $1,240 and electricity of $850. Sam has $990 in a checking account and $450 in cash, and these are the only funds Sam can access today. No additional money will arrive before the bills are due.","Sam Rivera worked as a machine operator until the factory closed after the company relocated production. In the past four weeks, Sam received no job offers and did no paid work. During those weeks, there were 8 suitable job openings Sam could have applied for, and Sam had the time and internet access to apply. Sam applied to all 8 of them. Due today: mortgage payment of $1,240 and electricity of $850. Sam has $990 in a checking account and $450 in cash, and these are the only funds Sam can access today. No additional money will arrive before the bills are due.",,,,
3,"Casey Patel worked as a line cook until the restaurant went out of business. In the past four weeks, Casey received no job offers and did no paid work. During those weeks, there were 8 suitable job openings Casey could have applied for, and Casey had the time and internet access to apply. Casey applied to all 8 of them. Due today: rent of $990 and water and heating of $630. Casey has $1,490 in a checking account and $530 in cash, and these are the only funds Casey can access today. No additional money will arrive before the bills are due.","Casey Patel worked as a line cook until the restaurant went out of business. In the past four weeks, Casey received no job offers and did no paid work. During those weeks, there were 8 suitable job openings Casey could have applied for, and Casey had the time and internet access to apply. Casey applied to 1 of them. Due today: rent of $990 and water and heating of $630. Casey has $1,490 in a checking account and $530 in cash, and these are the only funds Casey can access today. No additional money will arrive before the bills are due.",,,,
4,"Alex Morgan worked as a machine operator until the factory closed after the company relocated production. In the past four weeks, Alex received no job offers and did no paid work. During those weeks, there were 8 suitable job openings Alex could have applied for, and Alex had the time and internet access to apply. Alex applied to all 8 of them. Alex's rent and water and heating are due today. Even using every dollar Alex can access today, including income, savings, and any outside help, Alex cannot pay these bills in full. No additional money will arrive before the bills are due.","Alex Morgan worked as a machine operator until the factory closed after the company relocated production. In the past four weeks, Alex received no job offers and did no paid work. During those weeks, there were 8 suitable job openings Alex could have applied for, and Alex had the time and internet access to apply. Alex applied to 1 of them. Alex's rent and water and heating are due today. Even using every dollar Alex can access today, including income, savings, and any outside help, Alex cannot pay these bills in full. No additional money will arrive before the bills are due.",,,,
5,"Morgan Diaz worked as a warehouse associate until the distribution center closed permanently. In the past four weeks, Morgan received no job offers and did no paid work. During those weeks, there were 8 suitable job openings Morgan could have applied for, and Morgan had the time and internet access to apply. Morgan applied to 1 of them. Morgan's rent and water and heating are due today. Using the money Morgan can access today, Morgan can pay these bills in full and still have some money left over. No additional money will arrive before the bills are due.","Morgan Diaz worked as a warehouse associate until the distribution center closed permanently. In the past four weeks, Morgan received no job offers and did no paid work. During those weeks, there were 8 suitable job openings Morgan could have applied for, and Morgan had the time and internet access to apply. Morgan applied to all 8 of them. Morgan's rent and water and heating are due today. Using the money Morgan can access today, Morgan can pay these bills in full and still have some money left over. No additional money will arrive before the bills are due.",,,,
6,"Jamie Novak worked as a retail supervisor until the store closed when the chain went bankrupt. In the past four weeks, Jamie received no job offers and did no paid work. During those weeks, there were 8 suitable job openings Jamie could have applied for, and Jamie had the time and internet access to apply. Jamie applied to all 8 of them. Due today: rent of $1,250 and electricity of $810. Jamie has $2,310 in a checking account and $710 in cash, and these are the only funds Jamie can access today. No additional money will arrive before the bills are due.","Jamie Novak worked as a retail supervisor until the store closed when the chain went bankrupt. In the past four weeks, Jamie received no job offers and did no paid work. During those weeks, there were 8 suitable job openings Jamie could have applied for, and Jamie had the time and internet access to apply. Jamie applied to 1 of them. Due today: rent of $1,250 and electricity of $810. Jamie has $2,310 in a checking account and $710 in cash, and these are the only funds Jamie can access today. No additional money will arrive before the bills are due.",,,,
7,"Riley Chen worked as a machine operator until the factory closed after the company relocated production. In the past four weeks, Riley received no job offers and did no paid work. During those weeks, there were 8 suitable job openings Riley could have applied for, and Riley had the time and internet access to apply. Riley applied to all 8 of them. Riley's rent and water and heating are due today. Using the money Riley can access today, Riley can pay these bills in full and still have some money left over. No additional money will arrive before the bills are due.","Riley Chen worked as a machine operator until the factory closed after the company relocated production. In the past four weeks, Riley received no job offers and did no paid work. During those weeks, there were 8 suitable job openings Riley could have applied for, and Riley had the time and internet access to apply. Riley applied to 1 of them. Riley's rent and water and heating are due today. Using the money Riley can access today, Riley can pay these bills in full and still have some money left over. No additional money will arrive before the bills are due.",,,,
8,"Taylor Brooks worked as a retail supervisor until the store closed when the chain went bankrupt. In the past four weeks, Taylor received no job offers and did no paid work. During those weeks, there were 8 suitable job openings Taylor could have applied for, and Taylor had the time and internet access to apply. Taylor applied to all 8 of them. Taylor's essential bills due today total $850. All the money Taylor can access today (income, savings, and any outside help combined) totals $1,160. No additional money will arrive before the bills are due.","Taylor Brooks worked as a retail supervisor until the store closed when the chain went bankrupt. In the past four weeks, Taylor received no job offers and did no paid work. During those weeks, there were 8 suitable job openings Taylor could have applied for, and Taylor had the time and internet access to apply. Taylor applied to 1 of them. Taylor's essential bills due today total $850. All the money Taylor can access today (income, savings, and any outside help combined) totals $1,160. No additional money will arrive before the bills are due.",,,,
9,"Jamie Novak worked as a retail supervisor until the store closed when the chain went bankrupt. In the past four weeks, Jamie received no job offers and did no paid work. During those weeks, there were 8 suitable job openings Jamie could have applied for, and Jamie had the time and internet access to apply. Jamie applied to 1 of them. Jamie's essential bills due today total $2,120. All the money Jamie can access today (income, savings, and any outside help combined) totals $1,530. No additional money will arrive before the bills are due.","Jamie Novak worked as a retail supervisor until the store closed when the chain went bankrupt. In the past four weeks, Jamie received no job offers and did no paid work. During those weeks, there were 8 suitable job openings Jamie could have applied for, and Jamie had the time and internet access to apply. Jamie applied to all 8 of them. Jamie's essential bills due today total $2,120. All the money Jamie can access today (income, savings, and any outside help combined) totals $1,530. No additional money will arrive before the bills are due.",,,,
10,"Riley Chen worked as a machine operator until the factory closed after the company relocated production. In the past four weeks, Riley received no job offers and did no paid work. During those weeks, there were 8 suitable job openings Riley could have applied for, and Riley had the time and internet access to apply. Riley applied to 1 of them. Due today: rent of $980 and water and heating of $620. Riley has $590 in a checking account and $350 in cash, and these are the only funds Riley can access today. No additional money will arrive before the bills are due.","Riley Chen worked as a machine operator until the factory closed after the company relocated production. In the past four weeks, Riley received no job offers and did no paid work. During those weeks, there were 8 suitable job openings Riley could have applied for, and Riley had the time and internet access to apply. Riley applied to all 8 of them. Due today: rent of $980 and water and heating of $620. Riley has $590 in a checking account and $350 in cash, and these are the only funds Riley can access today. No additional money will arrive before the bills are due.",,,,
11,"Alex Morgan worked as a warehouse associate until the distribution center closed permanently. In the past four weeks, Alex received no job offers and did no paid work. During those weeks, there were 8 suitable job openings Alex could have applied for, and Alex had the time and internet access to apply. Alex applied to 1 of them. Alex's rent and electricity are due today. Using the money Alex can access today, Alex can pay these bills in full and still have some money left over. No additional money will arrive before the bills are due.","Alex Morgan worked as a warehouse associate until the distribution center closed permanently. In the past four weeks, Alex received no job offers and did no paid work. During those weeks, there were 8 suitable job openings Alex could have applied for, and Alex had the time and internet access to apply. Alex applied to all 8 of them. Alex's rent and electricity are due today. Using the money Alex can access today, Alex can pay these bills in full and still have some money left over. No additional money will arrive before the bills are due.",,,,
12,"Taylor Brooks worked as a line cook until the restaurant went out of business. In the past four weeks, Taylor received no job offers and did no paid work. During those weeks, there were 8 suitable job openings Taylor could have applied for, and Taylor had the time and internet access to apply. Taylor applied to 1 of them. Due today: rent of $860 and electricity of $650. Taylor has $1,430 in a checking account and $840 in cash, and these are the only funds Taylor can access today. No additional money will arrive before the bills are due.","Taylor Brooks worked as a line cook until the restaurant went out of business. In the past four weeks, Taylor received no job offers and did no paid work. During those weeks, there were 8 suitable job openings Taylor could have applied for, and Taylor had the time and internet access to apply. Taylor applied to all 8 of them. Due today: rent of $860 and electricity of $650. Taylor has $1,430 in a checking account and $840 in cash, and these are the only funds Taylor can access today. No additional money will arrive before the bills are due.",,,,
13,"Riley Chen worked as a machine operator until the factory closed after the company relocated production. In the past four weeks, Riley received no job offers and did no paid work. During those weeks, there were 8 suitable job openings Riley could have applied for, and Riley had the time and internet access to apply. Riley applied to 1 of them. Riley's essential bills due today total $1,560. All the money Riley can access today (income, savings, and any outside help combined) totals $770. No additional money will arrive before the bills are due.","Riley Chen worked as a machine operator until the factory closed after the company relocated production. In the past four weeks, Riley received no job offers and did no paid work. During those weeks, there were 8 suitable job openings Riley could have applied for, and Riley had the time and internet access to apply. Riley applied to all 8 of them. Riley's essential bills due today total $1,560. All the money Riley can access today (income, savings, and any outside help combined) totals $770. No additional money will arrive before the bills are due.",,,,
14,"Avery Kim worked as a machine operator until the factory closed after the company relocated production. In the past four weeks, Avery received no job offers and did no paid work. During those weeks, there were 8 suitable job openings Avery could have applied for, and Avery had the time and internet access to apply. Avery applied to 1 of them. Avery's rent and electricity are due today. Even using every dollar Avery can access today, including income, savings, and any outside help, Avery cannot pay these bills in full. No additional money will arrive before the bills are due.","Avery Kim worked as a machine operator until the factory closed after the company relocated production. In the past four weeks, Avery received no job offers and did no paid work. During those weeks, there were 8 suitable job openings Avery could have applied for, and Avery had the time and internet access to apply. Avery applied to all 8 of them. Avery's rent and electricity are due today. Even using every dollar Avery can access today, including income, savings, and any outside help, Avery cannot pay these bills in full. No additional money will arrive before the bills are due.",,,,
15,"Alex Morgan worked as a bookkeeper until the accounting firm shut down its local office. In the past four weeks, Alex received no job offers and did no paid work. During those weeks, there were 8 suitable job openings Alex could have applied for, and Alex had the time and internet access to apply. Alex applied to all 8 of them. Due today: mortgage payment of $1,630 and electricity of $570. Alex has $1,970 in a checking account and $1,120 in cash, and these are the only funds Alex can access today. No additional money will arrive before the bills are due.","Alex Morgan worked as a bookkeeper until the accounting firm shut down its local office. In the past four weeks, Alex received no job offers and did no paid work. During those weeks, there were 8 suitable job openings Alex could have applied for, and Alex had the time and internet access to apply. Alex applied to 1 of them. Due today: mortgage payment of $1,630 and electricity of $570. Alex has $1,970 in a checking account and $1,120 in cash, and these are the only funds Alex can access today. No additional money will arrive before the bills are due.",,,,
16,"Taylor Brooks worked as a line cook until the restaurant went out of business. In the past four weeks, Taylor received no job offers and did no paid work. During those weeks, there were 8 suitable job openings Taylor could have applied for, and Taylor had the time and internet access to apply. Taylor applied to 1 of them. Taylor's rent and water and heating are due today. Using the money Taylor can access today, Taylor can pay these bills in full and still have some money left over. No additional money will arrive before the bills are due.","Taylor Brooks worked as a line cook until the restaurant went out of business. In the past four weeks, Taylor received no job offers and did no paid work. During those weeks, there were 8 suitable job openings Taylor could have applied for, and Taylor had the time and internet access to apply. Taylor applied to all 8 of them. Taylor's rent and water and heating are due today. Using the money Taylor can access today, Taylor can pay these bills in full and still have some money left over. No additional money will arrive before the bills are due.",,,,
17,"Riley Chen worked as a machine operator until the factory closed after the company relocated production. In the past four weeks, Riley received no job offers and did no paid work. During those weeks, there were 8 suitable job openings Riley could have applied for, and Riley had the time and internet access to apply. Riley applied to all 8 of them. Due today: rent of $980 and water and heating of $620. Riley has $1,190 in a checking account and $770 in cash, and these are the only funds Riley can access today. No additional money will arrive before the bills are due.","Riley Chen worked as a machine operator until the factory closed after the company relocated production. In the past four weeks, Riley received no job offers and did no paid work. During those weeks, there were 8 suitable job openings Riley could have applied for, and Riley had the time and internet access to apply. Riley applied to 1 of them. Due today: rent of $980 and water and heating of $620. Riley has $1,190 in a checking account and $770 in cash, and these are the only funds Riley can access today. No additional money will arrive before the bills are due.",,,,
18,"Alex Morgan worked as a warehouse associate until the distribution center closed permanently. In the past four weeks, Alex received no job offers and did no paid work. During those weeks, there were 8 suitable job openings Alex could have applied for, and Alex had the time and internet access to apply. Alex applied to all 8 of them. Alex's essential bills due today total $2,180. All the money Alex can access today (income, savings, and any outside help combined) totals $3,380. No additional money will arrive before the bills are due.","Alex Morgan worked as a warehouse associate until the distribution center closed permanently. In the past four weeks, Alex received no job offers and did no paid work. During those weeks, there were 8 suitable job openings Alex could have applied for, and Alex had the time and internet access to apply. Alex applied to 1 of them. Alex's essential bills due today total $2,180. All the money Alex can access today (income, savings, and any outside help combined) totals $3,380. No additional money will arrive before the bills are due.",,,,
19,"Taylor Brooks worked as a line cook until the restaurant went out of business. In the past four weeks, Taylor received no job offers and did no paid work. During those weeks, there were 8 suitable job openings Taylor could have applied for, and Taylor had the time and internet access to apply. Taylor applied to 1 of them. Taylor's essential bills due today total $1,140. All the money Taylor can access today (income, savings, and any outside help combined) totals $1,470. No additional money will arrive before the bills are due.","Taylor Brooks worked as a line cook until the restaurant went out of business. In the past four weeks, Taylor received no job offers and did no paid work. During those weeks, there were 8 suitable job openings Taylor could have applied for, and Taylor had the time and internet access to apply. Taylor applied to all 8 of them. Taylor's essential bills due today total $1,140. All the money Taylor can access today (income, savings, and any outside help combined) totals $1,470. No additional money will arrive before the bills are due.",,,,
20,"Avery Kim worked as a machine operator until the factory closed after the company relocated production. In the past four weeks, Avery received no job offers and did no paid work. During those weeks, there were 8 suitable job openings Avery could have applied for, and Avery had the time and internet access to apply. Avery applied to 1 of them. Avery's essential bills due today total $1,710. All the money Avery can access today (income, savings, and any outside help combined) totals $2,420. No additional money will arrive before the bills are due.","Avery Kim worked as a machine operator until the factory closed after the company relocated production. In the past four weeks, Avery received no job offers and did no paid work. During those weeks, there were 8 suitable job openings Avery could have applied for, and Avery had the time and internet access to apply. Avery applied to all 8 of them. Avery's essential bills due today total $1,710. All the money Avery can access today (income, savings, and any outside help combined) totals $2,420. No additional money will arrive before the bills are due.",,,,
21,"Quinn Foster worked as a retail supervisor until the store closed when the chain went bankrupt. In the past four weeks, Quinn received no job offers and did no paid work. During those weeks, there were 8 suitable job openings Quinn could have applied for, and Quinn had the time and internet access to apply. Quinn applied to 1 of them. Quinn's essential bills due today total $1,800. All the money Quinn can access today (income, savings, and any outside help combined) totals $1,220. No additional money will arrive before the bills are due.","Quinn Foster worked as a retail supervisor until the store closed when the chain went bankrupt. In the past four weeks, Quinn received no job offers and did no paid work. During those weeks, there were 8 suitable job openings Quinn could have applied for, and Quinn had the time and internet access to apply. Quinn applied to all 8 of them. Quinn's essential bills due today total $1,800. All the money Quinn can access today (income, savings, and any outside help combined) totals $1,220. No additional money will arrive before the bills are due.",,,,
22,"Morgan Diaz worked as a retail supervisor until the store closed when the chain went bankrupt. In the past four weeks, Morgan received no job offers and did no paid work. During those weeks, there were 8 suitable job openings Morgan could have applied for, and Morgan had the time and internet access to apply. Morgan applied to 1 of them. Morgan's essential bills due today total $1,380. All the money Morgan can access today (income, savings, and any outside help combined) totals $930. No additional money will arrive before the bills are due.","Morgan Diaz worked as a retail supervisor until the store closed when the chain went bankrupt. In the past four weeks, Morgan received no job offers and did no paid work. During those weeks, there were 8 suitable job openings Morgan could have applied for, and Morgan had the time and internet access to apply. Morgan applied to all 8 of them. Morgan's essential bills due today total $1,380. All the money Morgan can access today (income, savings, and any outside help combined) totals $930. No additional money will arrive before the bills are due.",,,,
23,"Riley Chen worked as a bookkeeper until the accounting firm shut down its local office. In the past four weeks, Riley received no job offers and did no paid work. During those weeks, there were 8 suitable job openings Riley could have applied for, and Riley had the time and internet access to apply. Riley applied to 1 of them. Riley's mortgage payment and electricity are due today. Using the money Riley can access today, Riley can pay these bills in full and still have some money left over. No additional money will arrive before the bills are due.","Riley Chen worked as a bookkeeper until the accounting firm shut down its local office. In the past four weeks, Riley received no job offers and did no paid work. During those weeks, there were 8 suitable job openings Riley could have applied for, and Riley had the time and internet access to apply. Riley applied to all 8 of them. Riley's mortgage payment and electricity are due today. Using the money Riley can access today, Riley can pay these bills in full and still have some money left over. No additional money will arrive before the bills are due.",,,,
24,"Jordan Lee worked as a warehouse associate until the distribution center closed permanently. In the past four weeks, Jordan received no job offers and did no paid work. During those weeks, there were 8 suitable job openings Jordan could have applied for, and Jordan had the time and internet access to apply. Jordan applied to 1 of them. Due today: rent of $940 and water and heating of $620. Jordan has $800 in a checking account and $310 in cash, and these are the only funds Jordan can access today. No additional money will arrive before the bills are due.","Jordan Lee worked as a warehouse associate until the distribution center closed permanently. In the past four weeks, Jordan received no job offers and did no paid work. During those weeks, there were 8 suitable job openings Jordan could have applied for, and Jordan had the time and internet access to apply. Jordan applied to all 8 of them. Due today: rent of $940 and water and heating of $620. Jordan has $800 in a checking account and $310 in cash, and these are the only funds Jordan can access today. No additional money will arrive before the bills are due.",,,,
25,"Avery Kim worked as a machine operator until the factory closed after the company relocated production. In the past four weeks, Avery received no job offers and did no paid work. During those weeks, there were 8 suitable job openings Avery could have applied for, and Avery had the time and internet access to apply. Avery applied to all 8 of them. Avery's rent and electricity are due today. Using the money Avery can access today, Avery can pay these bills in full and still have some money left over. No additional money will arrive before the bills are due.","Avery Kim worked as a machine operator until the factory closed after the company relocated production. In the past four weeks, Avery received no job offers and did no paid work. During those weeks, there were 8 suitable job openings Avery could have applied for, and Avery had the time and internet access to apply. Avery applied to 1 of them. Avery's rent and electricity are due today. Using the money Avery can access today, Avery can pay these bills in full and still have some money left over. No additional money will arrive before the bills are due.",,,,
26,"Alex Morgan worked as a warehouse associate until the distribution center closed permanently. In the past four weeks, Alex received no job offers and did no paid work. During those weeks, there were 8 suitable job openings Alex could have applied for, and Alex had the time and internet access to apply. Alex applied to 1 of them. Alex's essential bills due today total $2,180. All the money Alex can access today (income, savings, and any outside help combined) totals $990. No additional money will arrive before the bills are due.","Alex Morgan worked as a warehouse associate until the distribution center closed permanently. In the past four weeks, Alex received no job offers and did no paid work. During those weeks, there were 8 suitable job openings Alex could have applied for, and Alex had the time and internet access to apply. Alex applied to all 8 of them. Alex's essential bills due today total $2,180. All the money Alex can access today (income, savings, and any outside help combined) totals $990. No additional money will arrive before the bills are due.",,,,
27,"Quinn Foster worked as a line cook until the restaurant went out of business. In the past four weeks, Quinn received no job offers and did no paid work. During those weeks, there were 8 suitable job openings Quinn could have applied for, and Quinn had the time and internet access to apply. Quinn applied to 1 of them. Quinn's rent and water and heating are due today. Even using every dollar Quinn can access today, including income, savings, and any outside help, Quinn cannot pay these bills in full. No additional money will arrive before the bills are due.","Quinn Foster worked as a line cook until the restaurant went out of business. In the past four weeks, Quinn received no job offers and did no paid work. During those weeks, there were 8 suitable job openings Quinn could have applied for, and Quinn had the time and internet access to apply. Quinn applied to all 8 of them. Quinn's rent and water and heating are due today. Even using every dollar Quinn can access today, including income, savings, and any outside help, Quinn cannot pay these bills in full. No additional money will arrive before the bills are due.",,,,
28,"Jordan Lee worked as a retail supervisor until the store closed when the chain went bankrupt. In the past four weeks, Jordan received no job offers and did no paid work. During those weeks, there were 8 suitable job openings Jordan could have applied for, and Jordan had the time and internet access to apply. Jordan applied to 1 of them. Due today: rent of $500 and water and heating of $380. Jordan has $510 in a checking account and $150 in cash, and these are the only funds Jordan can access today. No additional money will arrive before the bills are due.","Jordan Lee worked as a retail supervisor until the store closed when the chain went bankrupt. In the past four weeks, Jordan received no job offers and did no paid work. During those weeks, there were 8 suitable job openings Jordan could have applied for, and Jordan had the time and internet access to apply. Jordan applied to all 8 of them. Due today: rent of $500 and water and heating of $380. Jordan has $510 in a checking account and $150 in cash, and these are the only funds Jordan can access today. No additional money will arrive before the bills are due.",,,,
29,"Jamie Novak worked as a warehouse associate until the distribution center closed permanently. In the past four weeks, Jamie received no job offers and did no paid work. During those weeks, there were 8 suitable job openings Jamie could have applied for, and Jamie had the time and internet access to apply. Jamie applied to all 8 of them. Due today: mortgage payment of $900 and electricity of $460. Jamie has $720 in a checking account and $260 in cash, and these are the only funds Jamie can access today. No additional money will arrive before the bills are due.","Jamie Novak worked as a warehouse associate until the distribution center closed permanently. In the past four weeks, Jamie received no job offers and did no paid work. During those weeks, there were 8 suitable job openings Jamie could have applied for, and Jamie had the time and internet access to apply. Jamie applied to 1 of them. Due today: mortgage payment of $900 and electricity of $460. Jamie has $720 in a checking account and $260 in cash, and these are the only funds Jamie can access today. No additional money will arrive before the bills are due.",,,,
30,"Morgan Diaz worked as a retail supervisor until the store closed when the chain went bankrupt. In the past four weeks, Morgan received no job offers and did no paid work. During those weeks, there were 8 suitable job openings Morgan could have applied for, and Morgan had the time and internet access to apply. Morgan applied to 1 of them. Morgan's essential bills due today total $1,380. All the money Morgan can access today (income, savings, and any outside help combined) totals $1,960. No additional money will arrive before the bills are due.","Morgan Diaz worked as a retail supervisor until the store closed when the chain went bankrupt. In the past four weeks, Morgan received no job offers and did no paid work. During those weeks, there were 8 suitable job openings Morgan could have applied for, and Morgan had the time and internet access to apply. Morgan applied to all 8 of them. Morgan's essential bills due today total $1,380. All the money Morgan can access today (income, savings, and any outside help combined) totals $1,960. No additional money will arrive before the bills are due.",,,,
31,"Sam Rivera worked as a retail supervisor until the store closed when the chain went bankrupt. In the past four weeks, Sam received no job offers and did no paid work. During those weeks, there were 8 suitable job openings Sam could have applied for, and Sam had the time and internet access to apply. Sam applied to all 8 of them. Sam's essential bills due today total $1,450. All the money Sam can access today (income, savings, and any outside help combined) totals $710. No additional money will arrive before the bills are due.","Sam Rivera worked as a retail supervisor until the store closed when the chain went bankrupt. In the past four weeks, Sam received no job offers and did no paid work. During those weeks, there were 8 suitable job openings Sam could have applied for, and Sam had the time and internet access to apply. Sam applied to 1 of them. Sam's essential bills due today total $1,450. All the money Sam can access today (income, savings, and any outside help combined) totals $710. No additional money will arrive before the bills are due.",,,,
32,"Riley Chen worked as a warehouse associate until the distribution center closed permanently. In the past four weeks, Riley received no job offers and did no paid work. During those weeks, there were 8 suitable job openings Riley could have applied for, and Riley had the time and internet access to apply. Riley applied to 1 of them. Riley's essential bills due today total $820. All the money Riley can access today (income, savings, and any outside help combined) totals $590. No additional money will arrive before the bills are due.","Riley Chen worked as a warehouse associate until the distribution center closed permanently. In the past four weeks, Riley received no job offers and did no paid work. During those weeks, there were 8 suitable job openings Riley could have applied for, and Riley had the time and internet access to apply. Riley applied to all 8 of them. Riley's essential bills due today total $820. All the money Riley can access today (income, savings, and any outside help combined) totals $590. No additional money will arrive before the bills are due.",,,,
33,"Casey Patel worked as a warehouse associate until the distribution center closed permanently. In the past four weeks, Casey received no job offers and did no paid work. During those weeks, there were 8 suitable job openings Casey could have applied for, and Casey had the time and internet access to apply. Casey applied to all 8 of them. Casey's mortgage payment and electricity are due today. Even using every dollar Casey can access today, including income, savings, and any outside help, Casey cannot pay these bills in full. No additional money will arrive before the bills are due.","Casey Patel worked as a warehouse associate until the distribution center closed permanently. In the past four weeks, Casey received no job offers and did no paid work. During those weeks, there were 8 suitable job openings Casey could have applied for, and Casey had the time and internet access to apply. Casey applied to 1 of them. Casey's mortgage payment and electricity are due today. Even using every dollar Casey can access today, including income, savings, and any outside help, Casey cannot pay these bills in full. No additional money will arrive before the bills are due.",,,,
34,"Jamie Novak worked as a retail supervisor until the store closed when the chain went bankrupt. In the past four weeks, Jamie received no job offers and did no paid work. During those weeks, there were 8 suitable job openings Jamie could have applied for, and Jamie had the time and internet access to apply. Jamie applied to all 8 of them. Jamie's essential bills due today total $2,120. All the money Jamie can access today (income, savings, and any outside help combined) totals $2,720. No additional money will arrive before the bills are due.","Jamie Novak worked as a retail supervisor until the store closed when the chain went bankrupt. In the past four weeks, Jamie received no job offers and did no paid work. During those weeks, there were 8 suitable job openings Jamie could have applied for, and Jamie had the time and internet access to apply. Jamie applied to 1 of them. Jamie's essential bills due today total $2,120. All the money Jamie can access today (income, savings, and any outside help combined) totals $2,720. No additional money will arrive before the bills are due.",,,,
35,"Sam Rivera worked as a machine operator until the factory closed after the company relocated production. In the past four weeks, Sam received no job offers and did no paid work. During those weeks, there were 8 suitable job openings Sam could have applied for, and Sam had the time and internet access to apply. Sam applied to all 8 of them. Due today: mortgage payment of $1,240 and electricity of $850. Sam has $2,270 in a checking account and $690 in cash, and these are the only funds Sam can access today. No additional money will arrive before the bills are due.","Sam Rivera worked as a machine operator until the factory closed after the company relocated production. In the past four weeks, Sam received no job offers and did no paid work. During those weeks, there were 8 suitable job openings Sam could have applied for, and Sam had the time and internet access to apply. Sam applied to 1 of them. Due today: mortgage payment of $1,240 and electricity of $850. Sam has $2,270 in a checking account and $690 in cash, and these are the only funds Sam can access today. No additional money will arrive before the bills are due.",,,,
36,"Riley Chen worked as a line cook until the restaurant went out of business. In the past four weeks, Riley received no job offers and did no paid work. During those weeks, there were 8 suitable job openings Riley could have applied for, and Riley had the time and internet access to apply. Riley applied to 1 of them. Riley's essential bills due today total $1,220. All the money Riley can access today (income, savings, and any outside help combined) totals $620. No additional money will arrive before the bills are due.","Riley Chen worked as a line cook until the restaurant went out of business. In the past four weeks, Riley received no job offers and did no paid work. During those weeks, there were 8 suitable job openings Riley could have applied for, and Riley had the time and internet access to apply. Riley applied to all 8 of them. Riley's essential bills due today total $1,220. All the money Riley can access today (income, savings, and any outside help combined) totals $620. No additional money will arrive before the bills are due.",,,,
37,"Riley Chen worked as a machine operator until the factory closed after the company relocated production. In the past four weeks, Riley received no job offers and did no paid work. During those weeks, there were 8 suitable job openings Riley could have applied for, and Riley had the time and internet access to apply. Riley applied to 1 of them. Riley's essential bills due today total $1,560. All the money Riley can access today (income, savings, and any outside help combined) totals $2,000. No additional money will arrive before the bills are due.","Riley Chen worked as a machine operator until the factory closed after the company relocated production. In the past four weeks, Riley received no job offers and did no paid work. During those weeks, there were 8 suitable job openings Riley could have applied for, and Riley had the time and internet access to apply. Riley applied to all 8 of them. Riley's essential bills due today total $1,560. All the money Riley can access today (income, savings, and any outside help combined) totals $2,000. No additional money will arrive before the bills are due.",,,,
38,"Quinn Foster worked as a retail supervisor until the store closed when the chain went bankrupt. In the past four weeks, Quinn received no job offers and did no paid work. During those weeks, there were 8 suitable job openings Quinn could have applied for, and Quinn had the time and internet access to apply. Quinn applied to all 8 of them. Quinn's essential bills due today total $1,800. All the money Quinn can access today (income, savings, and any outside help combined) totals $2,280. No additional money will arrive before the bills are due.","Quinn Foster worked as a retail supervisor until the store closed when the chain went bankrupt. In the past four weeks, Quinn received no job offers and did no paid work. During those weeks, there were 8 suitable job openings Quinn could have applied for, and Quinn had the time and internet access to apply. Quinn applied to 1 of them. Quinn's essential bills due today total $1,800. All the money Quinn can access today (income, savings, and any outside help combined) totals $2,280. No additional money will arrive before the bills are due.",,,,
39,"Taylor Brooks worked as a bookkeeper until the accounting firm shut down its local office. In the past four weeks, Taylor received no job offers and did no paid work. During those weeks, there were 8 suitable job openings Taylor could have applied for, and Taylor had the time and internet access to apply. Taylor applied to all 8 of them. Due today: mortgage payment of $750 and electricity of $310. Taylor has $1,200 in a checking account and $480 in cash, and these are the only funds Taylor can access today. No additional money will arrive before the bills are due.","Taylor Brooks worked as a bookkeeper until the accounting firm shut down its local office. In the past four weeks, Taylor received no job offers and did no paid work. During those weeks, there were 8 suitable job openings Taylor could have applied for, and Taylor had the time and internet access to apply. Taylor applied to 1 of them. Due today: mortgage payment of $750 and electricity of $310. Taylor has $1,200 in a checking account and $480 in cash, and these are the only funds Taylor can access today. No additional money will arrive before the bills are due.",,,,
40,"Avery Kim worked as a machine operator until the factory closed after the company relocated production. In the past four weeks, Avery received no job offers and did no paid work. During those weeks, there were 8 suitable job openings Avery could have applied for, and Avery had the time and internet access to apply. Avery applied to all 8 of them. Avery's essential bills due today total $1,710. All the money Avery can access today (income, savings, and any outside help combined) totals $920. No additional money will arrive before the bills are due.","Avery Kim worked as a machine operator until the factory closed after the company relocated production. In the past four weeks, Avery received no job offers and did no paid work. During those weeks, there were 8 suitable job openings Avery could have applied for, and Avery had the time and internet access to apply. Avery applied to 1 of them. Avery's essential bills due today total $1,710. All the money Avery can access today (income, savings, and any outside help combined) totals $920. No additional money will arrive before the bills are due.",,,,
41,"Quinn Foster worked as a machine operator until the factory closed after the company relocated production. In the past four weeks, Quinn received no job offers and did no paid work. During those weeks, there were 8 suitable job openings Quinn could have applied for, and Quinn had the time and internet access to apply. Quinn applied to 1 of them. Due today: rent of $1,270 and electricity of $1,010. Quinn has $2,080 in a checking account and $750 in cash, and these are the only funds Quinn can access today. No additional money will arrive before the bills are due.","Quinn Foster worked as a machine operator until the factory closed after the company relocated production. In the past four weeks, Quinn received no job offers and did no paid work. During those weeks, there were 8 suitable job openings Quinn could have applied for, and Quinn had the time and internet access to apply. Quinn applied to all 8 of them. Due today: rent of $1,270 and electricity of $1,010. Quinn has $2,080 in a checking account and $750 in cash, and these are the only funds Quinn can access today. No additional money will arrive before the bills are due.",,,,
42,"Riley Chen worked as a machine operator until the factory closed after the company relocated production. In the past four weeks, Riley received no job offers and did no paid work. During those weeks, there were 8 suitable job openings Riley could have applied for, and Riley had the time and internet access to apply. Riley applied to 1 of them. Riley's rent and electricity are due today. Using the money Riley can access today, Riley can pay these bills in full and still have some money left over. No additional money will arrive before the bills are due.","Riley Chen worked as a machine operator until the factory closed after the company relocated production. In the past four weeks, Riley received no job offers and did no paid work. During those weeks, there were 8 suitable job openings Riley could have applied for, and Riley had the time and internet access to apply. Riley applied to all 8 of them. Riley's rent and electricity are due today. Using the money Riley can access today, Riley can pay these bills in full and still have some money left over. No additional money will arrive before the bills are due.",,,,
43,"Alex Morgan worked as a machine operator until the factory closed after the company relocated production. In the past four weeks, Alex received no job offers and did no paid work. During those weeks, there were 8 suitable job openings Alex could have applied for, and Alex had the time and internet access to apply. Alex applied to 1 of them. Alex's rent and electricity are due today. Even using every dollar Alex can access today, including income, savings, and any outside help, Alex cannot pay these bills in full. No additional money will arrive before the bills are due.","Alex Morgan worked as a machine operator until the factory closed after the company relocated production. In the past four weeks, Alex received no job offers and did no paid work. During those weeks, there were 8 suitable job openings Alex could have applied for, and Alex had the time and internet access to apply. Alex applied to all 8 of them. Alex's rent and electricity are due today. Even using every dollar Alex can access today, including income, savings, and any outside help, Alex cannot pay these bills in full. No additional money will arrive before the bills are due.",,,,
44,"Sam Rivera worked as a line cook until the restaurant went out of business. In the past four weeks, Sam received no job offers and did no paid work. During those weeks, there were 8 suitable job openings Sam could have applied for, and Sam had the time and internet access to apply. Sam applied to all 8 of them. Due today: mortgage payment of $1,000 and electricity of $750. Sam has $1,550 in a checking account and $1,010 in cash, and these are the only funds Sam can access today. No additional money will arrive before the bills are due.","Sam Rivera worked as a line cook until the restaurant went out of business. In the past four weeks, Sam received no job offers and did no paid work. During those weeks, there were 8 suitable job openings Sam could have applied for, and Sam had the time and internet access to apply. Sam applied to 1 of them. Due today: mortgage payment of $1,000 and electricity of $750. Sam has $1,550 in a checking account and $1,010 in cash, and these are the only funds Sam can access today. No additional money will arrive before the bills are due.",,,,
45,"Taylor Brooks worked as a bookkeeper until the accounting firm shut down its local office. In the past four weeks, Taylor received no job offers and did no paid work. During those weeks, there were 8 suitable job openings Taylor could have applied for, and Taylor had the time and internet access to apply. Taylor applied to 1 of them. Due today: mortgage payment of $750 and electricity of $310. Taylor has $460 in a checking account and $180 in cash, and these are the only funds Taylor can access today. No additional money will arrive before the bills are due.","Taylor Brooks worked as a bookkeeper until the accounting firm shut down its local office. In the past four weeks, Taylor received no job offers and did no paid work. During those weeks, there were 8 suitable job openings Taylor could have applied for, and Taylor had the time and internet access to apply. Taylor applied to all 8 of them. Due today: mortgage payment of $750 and electricity of $310. Taylor has $460 in a checking account and $180 in cash, and these are the only funds Taylor can access today. No additional money will arrive before the bills are due.",,,,
46,"Morgan Diaz worked as a warehouse associate until the distribution center closed permanently. In the past four weeks, Morgan received no job offers and did no paid work. During those weeks, there were 8 suitable job openings Morgan could have applied for, and Morgan had the time and internet access to apply. Morgan applied to 1 of them. Morgan's rent and water and heating are due today. Even using every dollar Morgan can access today, including income, savings, and any outside help, Morgan cannot pay these bills in full. No additional money will arrive before the bills are due.","Morgan Diaz worked as a warehouse associate until the distribution center closed permanently. In the past four weeks, Morgan received no job offers and did no paid work. During those weeks, there were 8 suitable job openings Morgan could have applied for, and Morgan had the time and internet access to apply. Morgan applied to all 8 of them. Morgan's rent and water and heating are due today. Even using every dollar Morgan can access today, including income, savings, and any outside help, Morgan cannot pay these bills in full. No additional money will arrive before the bills are due.",,,,
47,"Jamie Novak worked as a retail supervisor until the store closed when the chain went bankrupt. In the past four weeks, Jamie received no job offers and did no paid work. During those weeks, there were 8 suitable job openings Jamie could have applied for, and Jamie had the time and internet access to apply. Jamie applied to 1 of them. Due today: rent of $1,290 and water and heating of $870. Jamie has $2,340 in a checking account and $1,100 in cash, and these are the only funds Jamie can access today. No additional money will arrive before the bills are due.","Jamie Novak worked as a retail supervisor until the store closed when the chain went bankrupt. In the past four weeks, Jamie received no job offers and did no paid work. During those weeks, there were 8 suitable job openings Jamie could have applied for, and Jamie had the time and internet access to apply. Jamie applied to all 8 of them. Due today: rent of $1,290 and water and heating of $870. Jamie has $2,340 in a checking account and $1,100 in cash, and these are the only funds Jamie can access today. No additional money will arrive before the bills are due.",,,,
48,"Casey Patel worked as a retail supervisor until the store closed when the chain went bankrupt. In the past four weeks, Casey received no job offers and did no paid work. During those weeks, there were 8 suitable job openings Casey could have applied for, and Casey had the time and internet access to apply. Casey applied to 1 of them. Due today: mortgage payment of $770 and electricity of $320. Casey has $450 in a checking account and $220 in cash, and these are the only funds Casey can access today. No additional money will arrive before the bills are due.","Casey Patel worked as a retail supervisor until the store closed when the chain went bankrupt. In the past four weeks, Casey received no job offers and did no paid work. During those weeks, there were 8 suitable job openings Casey could have applied for, and Casey had the time and internet access to apply. Casey applied to all 8 of them. Due today: mortgage payment of $770 and electricity of $320. Casey has $450 in a checking account and $220 in cash, and these are the only funds Casey can access today. No additional money will arrive before the bills are due.",,,,
49,"Sam Rivera worked as a retail supervisor until the store closed when the chain went bankrupt. In the past four weeks, Sam received no job offers and did no paid work. During those weeks, there were 8 suitable job openings Sam could have applied for, and Sam had the time and internet access to apply. Sam applied to 1 of them. Sam's rent and water and heating are due today. Even using every dollar Sam can access today, including income, savings, and any outside help, Sam cannot pay these bills in full. No additional money will arrive before the bills are due.","Sam Rivera worked as a retail supervisor until the store closed when the chain went bankrupt. In the past four weeks, Sam received no job offers and did no paid work. During those weeks, there were 8 suitable job openings Sam could have applied for, and Sam had the time and internet access to apply. Sam applied to all 8 of them. Sam's rent and water and heating are due today. Even using every dollar Sam can access today, including income, savings, and any outside help, Sam cannot pay these bills in full. No additional money will arrive before the bills are due.",,,,
50,"Quinn Foster worked as a machine operator until the factory closed after the company relocated production. In the past four weeks, Quinn received no job offers and did no paid work. During those weeks, there were 8 suitable job openings Quinn could have applied for, and Quinn had the time and internet access to apply. Quinn applied to all 8 of them. Due today: rent of $1,270 and electricity of $1,010. Quinn has $990 in a checking account and $480 in cash, and these are the only funds Quinn can access today. No additional money will arrive before the bills are due.","Quinn Foster worked as a machine operator until the factory closed after the company relocated production. In the past four weeks, Quinn received no job offers and did no paid work. During those weeks, there were 8 suitable job openings Quinn could have applied for, and Quinn had the time and internet access to apply. Quinn applied to 1 of them. Due today: rent of $1,270 and electricity of $1,010. Quinn has $990 in a checking account and $480 in cash, and these are the only funds Quinn can access today. No additional money will arrive before the bills are due.",,,,
51,"Sam Rivera worked as a retail supervisor until the store closed when the chain went bankrupt. In the past four weeks, Sam received no job offers and did no paid work. During those weeks, there were 8 suitable job openings Sam could have applied for, and Sam had the time and internet access to apply. Sam applied to 1 of them. Sam's rent and water and heating are due today. Using the money Sam can access today, Sam can pay these bills in full and still have some money left over. No additional money will arrive before the bills are due.","Sam Rivera worked as a retail supervisor until the store closed when the chain went bankrupt. In the past four weeks, Sam received no job offers and did no paid work. During those weeks, there were 8 suitable job openings Sam could have applied for, and Sam had the time and internet access to apply. Sam applied to all 8 of them. Sam's rent and water and heating are due today. Using the money Sam can access today, Sam can pay these bills in full and still have some money left over. No additional money will arrive before the bills are due.",,,,
52,"Jordan Lee worked as a warehouse associate until the distribution center closed permanently. In the past four weeks, Jordan received no job offers and did no paid work. During those weeks, there were 8 suitable job openings Jordan could have applied for, and Jordan had the time and internet access to apply. Jordan applied to 1 of them. Due today: rent of $940 and water and heating of $620. Jordan has $1,650 in a checking account and $480 in cash, and these are the only funds Jordan can access today. No additional money will arrive before the bills are due.","Jordan Lee worked as a warehouse associate until the distribution center closed permanently. In the past four weeks, Jordan received no job offers and did no paid work. During those weeks, there were 8 suitable job openings Jordan could have applied for, and Jordan had the time and internet access to apply. Jordan applied to all 8 of them. Due today: rent of $940 and water and heating of $620. Jordan has $1,650 in a checking account and $480 in cash, and these are the only funds Jordan can access today. No additional money will arrive before the bills are due.",,,,
53,"Taylor Brooks worked as a line cook until the restaurant went out of business. In the past four weeks, Taylor received no job offers and did no paid work. During those weeks, there were 8 suitable job openings Taylor could have applied for, and Taylor had the time and internet access to apply. Taylor applied to all 8 of them. Taylor's rent and water and heating are due today. Even using every dollar Taylor can access today, including income, savings, and any outside help, Taylor cannot pay these bills in full. No additional money will arrive before the bills are due.","Taylor Brooks worked as a line cook until the restaurant went out of business. In the past four weeks, Taylor received no job offers and did no paid work. During those weeks, there were 8 suitable job openings Taylor could have applied for, and Taylor had the time and internet access to apply. Taylor applied to 1 of them. Taylor's rent and water and heating are due today. Even using every dollar Taylor can access today, including income, savings, and any outside help, Taylor cannot pay these bills in full. No additional money will arrive before the bills are due.",,,,
54,"Jamie Novak worked as a warehouse associate until the distribution center closed permanently. In the past four weeks, Jamie received no job offers and did no paid work. During those weeks, there were 8 suitable job openings Jamie could have applied for, and Jamie had the time and internet access to apply. Jamie applied to all 8 of them. Jamie's essential bills due today total $2,200. All the money Jamie can access today (income, savings, and any outside help combined) totals $2,710. No additional money will arrive before the bills are due.","Jamie Novak worked as a warehouse associate until the distribution center closed permanently. In the past four weeks, Jamie received no job offers and did no paid work. During those weeks, there were 8 suitable job openings Jamie could have applied for, and Jamie had the time and internet access to apply. Jamie applied to 1 of them. Jamie's essential bills due today total $2,200. All the money Jamie can access today (income, savings, and any outside help combined) totals $2,710. No additional money will arrive before the bills are due.",,,,
55,"Alex Morgan worked as a machine operator until the factory closed after the company relocated production. In the past four weeks, Alex received no job offers and did no paid work. During those weeks, there were 8 suitable job openings Alex could have applied for, and Alex had the time and internet access to apply. Alex applied to 1 of them. Alex's rent and water and heating are due today. Using the money Alex can access today, Alex can pay these bills in full and still have some money left over. No additional money will arrive before the bills are due.","Alex Morgan worked as a machine operator until the factory closed after the company relocated production. In the past four weeks, Alex received no job offers and did no paid work. During those weeks, there were 8 suitable job openings Alex could have applied for, and Alex had the time and internet access to apply. Alex applied to all 8 of them. Alex's rent and water and heating are due today. Using the money Alex can access today, Alex can pay these bills in full and still have some money left over. No additional money will arrive before the bills are due.",,,,
56,"Alex Morgan worked as a machine operator until the factory closed after the company relocated production. In the past four weeks, Alex received no job offers and did no paid work. During those weeks, there were 8 suitable job openings Alex could have applied for, and Alex had the time and internet access to apply. Alex applied to 1 of them. Alex's rent and electricity are due today. Using the money Alex can access today, Alex can pay these bills in full and still have some money left over. No additional money will arrive before the bills are due.","Alex Morgan worked as a machine operator until the factory closed after the company relocated production. In the past four weeks, Alex received no job offers and did no paid work. During those weeks, there were 8 suitable job openings Alex could have applied for, and Alex had the time and internet access to apply. Alex applied to all 8 of them. Alex's rent and electricity are due today. Using the money Alex can access today, Alex can pay these bills in full and still have some money left over. No additional money will arrive before the bills are due.",,,,
57,"Avery Kim worked as a line cook until the restaurant went out of business. In the past four weeks, Avery received no job offers and did no paid work. During those weeks, there were 8 suitable job openings Avery could have applied for, and Avery had the time and internet access to apply. Avery applied to 1 of them. Avery's mortgage payment and electricity are due today. Even using every dollar Avery can access today, including income, savings, and any outside help, Avery cannot pay these bills in full. No additional money will arrive before the bills are due.","Avery Kim worked as a line cook until the restaurant went out of business. In the past four weeks, Avery received no job offers and did no paid work. During those weeks, there were 8 suitable job openings Avery could have applied for, and Avery had the time and internet access to apply. Avery applied to all 8 of them. Avery's mortgage payment and electricity are due today. Even using every dollar Avery can access today, including income, savings, and any outside help, Avery cannot pay these bills in full. No additional money will arrive before the bills are due.",,,,
58,"Alex Morgan worked as a warehouse associate until the distribution center closed permanently. In the past four weeks, Alex received no job offers and did no paid work. During those weeks, there were 8 suitable job openings Alex could have applied for, and Alex had the time and internet access to apply. Alex applied to 1 of them. Alex's rent and electricity are due today. Even using every dollar Alex can access today, including income, savings, and any outside help, Alex cannot pay these bills in full. No additional money will arrive before the bills are due.","Alex Morgan worked as a warehouse associate until the distribution center closed permanently. In the past four weeks, Alex received no job offers and did no paid work. During those weeks, there were 8 suitable job openings Alex could have applied for, and Alex had the time and internet access to apply. Alex applied to all 8 of them. Alex's rent and electricity are due today. Even using every dollar Alex can access today, including income, savings, and any outside help, Alex cannot pay these bills in full. No additional money will arrive before the bills are due.",,,,
59,"Avery Kim worked as a line cook until the restaurant went out of business. In the past four weeks, Avery received no job offers and did no paid work. During those weeks, there were 8 suitable job openings Avery could have applied for, and Avery had the time and internet access to apply. Avery applied to all 8 of them. Avery's mortgage payment and electricity are due today. Using the money Avery can access today, Avery can pay these bills in full and still have some money left over. No additional money will arrive before the bills are due.","Avery Kim worked as a line cook until the restaurant went out of business. In the past four weeks, Avery received no job offers and did no paid work. During those weeks, there were 8 suitable job openings Avery could have applied for, and Avery had the time and internet access to apply. Avery applied to 1 of them. Avery's mortgage payment and electricity are due today. Using the money Avery can access today, Avery can pay these bills in full and still have some money left over. No additional money will arrive before the bills are due.",,,,
60,"Sam Rivera worked as a retail supervisor until the store closed when the chain went bankrupt. In the past four weeks, Sam received no job offers and did no paid work. During those weeks, there were 8 suitable job openings Sam could have applied for, and Sam had the time and internet access to apply. Sam applied to 1 of them. Sam's essential bills due today total $1,450. All the money Sam can access today (income, savings, and any outside help combined) totals $2,180. No additional money will arrive before the bills are due.","Sam Rivera worked as a retail supervisor until the store closed when the chain went bankrupt. In the past four weeks, Sam received no job offers and did no paid work. During those weeks, there were 8 suitable job openings Sam could have applied for, and Sam had the time and internet access to apply. Sam applied to all 8 of them. Sam's essential bills due today total $1,450. All the money Sam can access today (income, savings, and any outside help combined) totals $2,180. No additional money will arrive before the bills are due.",,,,
61,"Alex Morgan worked as a retail supervisor until the store closed when the chain went bankrupt. In the past four weeks, Alex received no job offers and did no paid work. During those weeks, there were 8 suitable job openings Alex could have applied for, and Alex had the time and internet access to apply. Alex applied to 1 of them. Alex's rent and electricity are due today. Even using every dollar Alex can access today, including income, savings, and any outside help, Alex cannot pay these bills in full. No additional money will arrive before the bills are due.","Alex Morgan worked as a retail supervisor until the store closed when the chain went bankrupt. In the past four weeks, Alex received no job offers and did no paid work. During those weeks, there were 8 suitable job openings Alex could have applied for, and Alex had the time and internet access to apply. Alex applied to all 8 of them. Alex's rent and electricity are due today. Even using every dollar Alex can access today, including income, savings, and any outside help, Alex cannot pay these bills in full. No additional money will arrive before the bills are due.",,,,
62,"Riley Chen worked as a machine operator until the factory closed after the company relocated production. In the past four weeks, Riley received no job offers and did no paid work. During those weeks, there were 8 suitable job openings Riley could have applied for, and Riley had the time and internet access to apply. Riley applied to all 8 of them. Riley's rent and water and heating are due today. Even using every dollar Riley can access today, including income, savings, and any outside help, Riley cannot pay these bills in full. No additional money will arrive before the bills are due.","Riley Chen worked as a machine operator until the factory closed after the company relocated production. In the past four weeks, Riley received no job offers and did no paid work. During those weeks, there were 8 suitable job openings Riley could have applied for, and Riley had the time and internet access to apply. Riley applied to 1 of them. Riley's rent and water and heating are due today. Even using every dollar Riley can access today, including income, savings, and any outside help, Riley cannot pay these bills in full. No additional money will arrive before the bills are due.",,,,
63,"Alex Morgan worked as a bookkeeper until the accounting firm shut down its local office. In the past four weeks, Alex received no job offers and did no paid work. During those weeks, there were 8 suitable job openings Alex could have applied for, and Alex had the time and internet access to apply. Alex applied to 1 of them. Alex's essential bills due today total $2,300. All the money Alex can access today (income, savings, and any outside help combined) totals $2,870. No additional money will arrive before the bills are due.","Alex Morgan worked as a bookkeeper until the accounting firm shut down its local office. In the past four weeks, Alex received no job offers and did no paid work. During those weeks, there were 8 suitable job openings Alex could have applied for, and Alex had the time and internet access to apply. Alex applied to all 8 of them. Alex's essential bills due today total $2,300. All the money Alex can access today (income, savings, and any outside help combined) totals $2,870. No additional money will arrive before the bills are due.",,,,
64,"Riley Chen worked as a retail supervisor until the store closed when the chain went bankrupt. In the past four weeks, Riley received no job offers and did no paid work. During those weeks, there were 8 suitable job openings Riley could have applied for, and Riley had the time and internet access to apply. Riley applied to 1 of them. Riley's essential bills due today total $1,450. All the money Riley can access today (income, savings, and any outside help combined) totals $1,940. No additional money will arrive before the bills are due.","Riley Chen worked as a retail supervisor until the store closed when the chain went bankrupt. In the past four weeks, Riley received no job offers and did no paid work. During those weeks, there were 8 suitable job openings Riley could have applied for, and Riley had the time and internet access to apply. Riley applied to all 8 of them. Riley's essential bills due today total $1,450. All the money Riley can access today (income, savings, and any outside help combined) totals $1,940. No additional money will arrive before the bills are due.",,,,
65,"Casey Patel worked as a warehouse associate until the distribution center closed permanently. In the past four weeks, Casey received no job offers and did no paid work. During those weeks, there were 8 suitable job openings Casey could have applied for, and Casey had the time and internet access to apply. Casey applied to all 8 of them. Casey's mortgage payment and electricity are due today. Using the money Casey can access today, Casey can pay these bills in full and still have some money left over. No additional money will arrive before the bills are due.","Casey Patel worked as a warehouse associate until the distribution center closed permanently. In the past four weeks, Casey received no job offers and did no paid work. During those weeks, there were 8 suitable job openings Casey could have applied for, and Casey had the time and internet access to apply. Casey applied to 1 of them. Casey's mortgage payment and electricity are due today. Using the money Casey can access today, Casey can pay these bills in full and still have some money left over. No additional money will arrive before the bills are due.",,,,
66,"Riley Chen worked as a warehouse associate until the distribution center closed permanently. In the past four weeks, Riley received no job offers and did no paid work. During those weeks, there were 8 suitable job openings Riley could have applied for, and Riley had the time and internet access to apply. Riley applied to all 8 of them. Riley's essential bills due today total $820. All the money Riley can access today (income, savings, and any outside help combined) totals $1,290. No additional money will arrive before the bills are due.","Riley Chen worked as a warehouse associate until the distribution center closed permanently. In the past four weeks, Riley received no job offers and did no paid work. During those weeks, there were 8 suitable job openings Riley could have applied for, and Riley had the time and internet access to apply. Riley applied to 1 of them. Riley's essential bills due today total $820. All the money Riley can access today (income, savings, and any outside help combined) totals $1,290. No additional money will arrive before the bills are due.",,,,
67,"Jamie Novak worked as a bookkeeper until the accounting firm shut down its local office. In the past four weeks, Jamie received no job offers and did no paid work. During those weeks, there were 8 suitable job openings Jamie could have applied for, and Jamie had the time and internet access to apply. Jamie applied to 1 of them. Due today: rent of $1,300 and electricity of $740. Jamie has $740 in a checking account and $200 in cash, and these are the only funds Jamie can access today. No additional money will arrive before the bills are due.","Jamie Novak worked as a bookkeeper until the accounting firm shut down its local office. In the past four weeks, Jamie received no job offers and did no paid work. During those weeks, there were 8 suitable job openings Jamie could have applied for, and Jamie had the time and internet access to apply. Jamie applied to all 8 of them. Due today: rent of $1,300 and electricity of $740. Jamie has $740 in a checking account and $200 in cash, and these are the only funds Jamie can access today. No additional money will arrive before the bills are due.",,,,
68,"Taylor Brooks worked as a line cook until the restaurant went out of business. In the past four weeks, Taylor received no job offers and did no paid work. During those weeks, there were 8 suitable job openings Taylor could have applied for, and Taylor had the time and internet access to apply. Taylor applied to all 8 of them. Taylor's essential bills due today total $1,140. All the money Taylor can access today (income, savings, and any outside help combined) totals $650. No additional money will arrive before the bills are due.","Taylor Brooks worked as a line cook until the restaurant went out of business. In the past four weeks, Taylor received no job offers and did no paid work. During those weeks, there were 8 suitable job openings Taylor could have applied for, and Taylor had the time and internet access to apply. Taylor applied to 1 of them. Taylor's essential bills due today total $1,140. All the money Taylor can access today (income, savings, and any outside help combined) totals $650. No additional money will arrive before the bills are due.",,,,
69,"Sam Rivera worked as a line cook until the restaurant went out of business. In the past four weeks, Sam received no job offers and did no paid work. During those weeks, there were 8 suitable job openings Sam could have applied for, and Sam had the time and internet access to apply. Sam applied to all 8 of them. Due today: mortgage payment of $1,000 and electricity of $750. Sam has $620 in a checking account and $220 in cash, and these are the only funds Sam can access today. No additional money will arrive before the bills are due.","Sam Rivera worked as a line cook until the restaurant went out of business. In the past four weeks, Sam received no job offers and did no paid work. During those weeks, there were 8 suitable job openings Sam could have applied for, and Sam had the time and internet access to apply. Sam applied to 1 of them. Due today: mortgage payment of $1,000 and electricity of $750. Sam has $620 in a checking account and $220 in cash, and these are the only funds Sam can access today. No additional money will arrive before the bills are due.",,,,
70,"Jordan Lee worked as a machine operator until the factory closed after the company relocated production. In the past four weeks, Jordan received no job offers and did no paid work. During those weeks, there were 8 suitable job openings Jordan could have applied for, and Jordan had the time and internet access to apply. Jordan applied to all 8 of them. Jordan's rent and electricity are due today. Even using every dollar Jordan can access today, including income, savings, and any outside help, Jordan cannot pay these bills in full. No additional money will arrive before the bills are due.","Jordan Lee worked as a machine operator until the factory closed after the company relocated production. In the past four weeks, Jordan received no job offers and did no paid work. During those weeks, there were 8 suitable job openings Jordan could have applied for, and Jordan had the time and internet access to apply. Jordan applied to 1 of them. Jordan's rent and electricity are due today. Even using every dollar Jordan can access today, including income, savings, and any outside help, Jordan cannot pay these bills in full. No additional money will arrive before the bills are due.",,,,
71,"Morgan Diaz worked as a line cook until the restaurant went out of business. In the past four weeks, Morgan received no job offers and did no paid work. During those weeks, there were 8 suitable job openings Morgan could have applied for, and Morgan had the time and internet access to apply. Morgan applied to 1 of them. Due today: mortgage payment of $1,430 and electricity of $780. Morgan has $2,160 in a checking account and $940 in cash, and these are the only funds Morgan can access today. No additional money will arrive before the bills are due.","Morgan Diaz worked as a line cook until the restaurant went out of business. In the past four weeks, Morgan received no job offers and did no paid work. During those weeks, there were 8 suitable job openings Morgan could have applied for, and Morgan had the time and internet access to apply. Morgan applied to all 8 of them. Due today: mortgage payment of $1,430 and electricity of $780. Morgan has $2,160 in a checking account and $940 in cash, and these are the only funds Morgan can access today. No additional money will arrive before the bills are due.",,,,
72,"Riley Chen worked as a line cook until the restaurant went out of business. In the past four weeks, Riley received no job offers and did no paid work. During those weeks, there were 8 suitable job openings Riley could have applied for, and Riley had the time and internet access to apply. Riley applied to all 8 of them. Riley's essential bills due today total $1,220. All the money Riley can access today (income, savings, and any outside help combined) totals $1,720. No additional money will arrive before the bills are due.","Riley Chen worked as a line cook until the restaurant went out of business. In the past four weeks, Riley received no job offers and did no paid work. During those weeks, there were 8 suitable job openings Riley could have applied for, and Riley had the time and internet access to apply. Riley applied to 1 of them. Riley's essential bills due today total $1,220. All the money Riley can access today (income, savings, and any outside help combined) totals $1,720. No additional money will arrive before the bills are due.",,,,
73,"Jamie Novak worked as a retail supervisor until the store closed when the chain went bankrupt. In the past four weeks, Jamie received no job offers and did no paid work. During those weeks, there were 8 suitable job openings Jamie could have applied for, and Jamie had the time and internet access to apply. Jamie applied to 1 of them. Jamie's essential bills due today total $1,050. All the money Jamie can access today (income, savings, and any outside help combined) totals $1,680. No additional money will arrive before the bills are due.","Jamie Novak worked as a retail supervisor until the store closed when the chain went bankrupt. In the past four weeks, Jamie received no job offers and did no paid work. During those weeks, there were 8 suitable job openings Jamie could have applied for, and Jamie had the time and internet access to apply. Jamie applied to all 8 of them. Jamie's essential bills due today total $1,050. All the money Jamie can access today (income, savings, and any outside help combined) totals $1,680. No additional money will arrive before the bills are due.",,,,
74,"Jamie Novak worked as a retail supervisor until the store closed when the chain went bankrupt. In the past four weeks, Jamie received no job offers and did no paid work. During those weeks, there were 8 suitable job openings Jamie could have applied for, and Jamie had the time and internet access to apply. Jamie applied to all 8 of them. Jamie's essential bills due today total $2,020. All the money Jamie can access today (income, savings, and any outside help combined) totals $1,080. No additional money will arrive before the bills are due.","Jamie Novak worked as a retail supervisor until the store closed when the chain went bankrupt. In the past four weeks, Jamie received no job offers and did no paid work. During those weeks, there were 8 suitable job openings Jamie could have applied for, and Jamie had the time and internet access to apply. Jamie applied to 1 of them. Jamie's essential bills due today total $2,020. All the money Jamie can access today (income, savings, and any outside help combined) totals $1,080. No additional money will arrive before the bills are due.",,,,
75,"Riley Chen worked as a bookkeeper until the accounting firm shut down its local office. In the past four weeks, Riley received no job offers and did no paid work. During those weeks, there were 8 suitable job openings Riley could have applied for, and Riley had the time and internet access to apply. Riley applied to 1 of them. Riley's mortgage payment and electricity are due today. Even using every dollar Riley can access today, including income, savings, and any outside help, Riley cannot pay these bills in full. No additional money will arrive before the bills are due.","Riley Chen worked as a bookkeeper until the accounting firm shut down its local office. In the past four weeks, Riley received no job offers and did no paid work. During those weeks, there were 8 suitable job openings Riley could have applied for, and Riley had the time and internet access to apply. Riley applied to all 8 of them. Riley's mortgage payment and electricity are due today. Even using every dollar Riley can access today, including income, savings, and any outside help, Riley cannot pay these bills in full. No additional money will arrive before the bills are due.",,,,
76,"Jordan Lee worked as a retail supervisor until the store closed when the chain went bankrupt. In the past four weeks, Jordan received no job offers and did no paid work. During those weeks, there were 8 suitable job openings Jordan could have applied for, and Jordan had the time and internet access to apply. Jordan applied to all 8 of them. Due today: rent of $500 and water and heating of $380. Jordan has $820 in a checking account and $470 in cash, and these are the only funds Jordan can access today. No additional money will arrive before the bills are due.","Jordan Lee worked as a retail supervisor until the store closed when the chain went bankrupt. In the past four weeks, Jordan received no job offers and did no paid work. During those weeks, there were 8 suitable job openings Jordan could have applied for, and Jordan had the time and internet access to apply. Jordan applied to 1 of them. Due today: rent of $500 and water and heating of $380. Jordan has $820 in a checking account and $470 in cash, and these are the only funds Jordan can access today. No additional money will arrive before the bills are due.",,,,
77,"Alex Morgan worked as a bookkeeper until the accounting firm shut down its local office. In the past four weeks, Alex received no job offers and did no paid work. During those weeks, there were 8 suitable job openings Alex could have applied for, and Alex had the time and internet access to apply. Alex applied to 1 of them. Alex's essential bills due today total $2,300. All the money Alex can access today (income, savings, and any outside help combined) totals $1,370. No additional money will arrive before the bills are due.","Alex Morgan worked as a bookkeeper until the accounting firm shut down its local office. In the past four weeks, Alex received no job offers and did no paid work. During those weeks, there were 8 suitable job openings Alex could have applied for, and Alex had the time and internet access to apply. Alex applied to all 8 of them. Alex's essential bills due today total $2,300. All the money Alex can access today (income, savings, and any outside help combined) totals $1,370. No additional money will arrive before the bills are due.",,,,
78,"Sam Rivera worked as a retail supervisor until the store closed when the chain went bankrupt. In the past four weeks, Sam received no job offers and did no paid work. During those weeks, there were 8 suitable job openings Sam could have applied for, and Sam had the time and internet access to apply. Sam applied to all 8 of them. Sam's essential bills due today total $890. All the money Sam can access today (income, savings, and any outside help combined) totals $1,190. No additional money will arrive before the bills are due.","Sam Rivera worked as a retail supervisor until the store closed when the chain went bankrupt. In the past four weeks, Sam received no job offers and did no paid work. During those weeks, there were 8 suitable job openings Sam could have applied for, and Sam had the time and internet access to apply. Sam applied to 1 of them. Sam's essential bills due today total $890. All the money Sam can access today (income, savings, and any outside help combined) totals $1,190. No additional money will arrive before the bills are due.",,,,
79,"Alex Morgan worked as a retail supervisor until the store closed when the chain went bankrupt. In the past four weeks, Alex received no job offers and did no paid work. During those weeks, there were 8 suitable job openings Alex could have applied for, and Alex had the time and internet access to apply. Alex applied to all 8 of them. Alex's rent and electricity are due today. Using the money Alex can access today, Alex can pay these bills in full and still have some money left over. No additional money will arrive before the bills are due.","Alex Morgan worked as a retail supervisor until the store closed when the chain went bankrupt. In the past four weeks, Alex received no job offers and did no paid work. During those weeks, there were 8 suitable job openings Alex could have applied for, and Alex had the time and internet access to apply. Alex applied to 1 of them. Alex's rent and electricity are due today. Using the money Alex can access today, Alex can pay these bills in full and still have some money left over. No additional money will arrive before the bills are due.",,,,
80,"Jamie Novak worked as a retail supervisor until the store closed when the chain went bankrupt. In the past four weeks, Jamie received no job offers and did no paid work. During those weeks, there were 8 suitable job openings Jamie could have applied for, and Jamie had the time and internet access to apply. Jamie applied to all 8 of them. Due today: rent of $1,250 and electricity of $810. Jamie has $660 in a checking account and $340 in cash, and these are the only funds Jamie can access today. No additional money will arrive before the bills are due.","Jamie Novak worked as a retail supervisor until the store closed when the chain went bankrupt. In the past four weeks, Jamie received no job offers and did no paid work. During those weeks, there were 8 suitable job openings Jamie could have applied for, and Jamie had the time and internet access to apply. Jamie applied to 1 of them. Due today: rent of $1,250 and electricity of $810. Jamie has $660 in a checking account and $340 in cash, and these are the only funds Jamie can access today. No additional money will arrive before the bills are due.",,,,
81,"Jordan Lee worked as a line cook until the restaurant went out of business. In the past four weeks, Jordan received no job offers and did no paid work. During those weeks, there were 8 suitable job openings Jordan could have applied for, and Jordan had the time and internet access to apply. Jordan applied to 1 of them. Due today: mortgage payment of $1,490 and electricity of $590. Jordan has $1,040 in a checking account and $580 in cash, and these are the only funds Jordan can access today. No additional money will arrive before the bills are due.","Jordan Lee worked as a line cook until the restaurant went out of business. In the past four weeks, Jordan received no job offers and did no paid work. During those weeks, there were 8 suitable job openings Jordan could have applied for, and Jordan had the time and internet access to apply. Jordan applied to all 8 of them. Due today: mortgage payment of $1,490 and electricity of $590. Jordan has $1,040 in a checking account and $580 in cash, and these are the only funds Jordan can access today. No additional money will arrive before the bills are due.",,,,
82,"Jordan Lee worked as a line cook until the restaurant went out of business. In the past four weeks, Jordan received no job offers and did no paid work. During those weeks, there were 8 suitable job openings Jordan could have applied for, and Jordan had the time and internet access to apply. Jordan applied to 1 of them. Due today: mortgage payment of $1,490 and electricity of $590. Jordan has $1,870 in a checking account and $980 in cash, and these are the only funds Jordan can access today. No additional money will arrive before the bills are due.","Jordan Lee worked as a line cook until the restaurant went out of business. In the past four weeks, Jordan received no job offers and did no paid work. During those weeks, there were 8 suitable job openings Jordan could have applied for, and Jordan had the time and internet access to apply. Jordan applied to all 8 of them. Due today: mortgage payment of $1,490 and electricity of $590. Jordan has $1,870 in a checking account and $980 in cash, and these are the only funds Jordan can access today. No additional money will arrive before the bills are due.",,,,
83,"Sam Rivera worked as a retail supervisor until the store closed when the chain went bankrupt. In the past four weeks, Sam received no job offers and did no paid work. During those weeks, there were 8 suitable job openings Sam could have applied for, and Sam had the time and internet access to apply. Sam applied to all 8 of them. Sam's essential bills due today total $890. All the money Sam can access today (income, savings, and any outside help combined) totals $520. No additional money will arrive before the bills are due.","Sam Rivera worked as a retail supervisor until the store closed when the chain went bankrupt. In the past four weeks, Sam received no job offers and did no paid work. During those weeks, there were 8 suitable job openings Sam could have applied for, and Sam had the time and internet access to apply. Sam applied to 1 of them. Sam's essential bills due today total $890. All the money Sam can access today (income, savings, and any outside help combined) totals $520. No additional money will arrive before the bills are due.",,,,
84,"Quinn Foster worked as a machine operator until the factory closed after the company relocated production. In the past four weeks, Quinn received no job offers and did no paid work. During those weeks, there were 8 suitable job openings Quinn could have applied for, and Quinn had the time and internet access to apply. Quinn applied to 1 of them. Quinn's rent and electricity are due today. Using the money Quinn can access today, Quinn can pay these bills in full and still have some money left over. No additional money will arrive before the bills are due.","Quinn Foster worked as a machine operator until the factory closed after the company relocated production. In the past four weeks, Quinn received no job offers and did no paid work. During those weeks, there were 8 suitable job openings Quinn could have applied for, and Quinn had the time and internet access to apply. Quinn applied to all 8 of them. Quinn's rent and electricity are due today. Using the money Quinn can access today, Quinn can pay these bills in full and still have some money left over. No additional money will arrive before the bills are due.",,,,
85,"Jordan Lee worked as a machine operator until the factory closed after the company relocated production. In the past four weeks, Jordan received no job offers and did no paid work. During those weeks, there were 8 suitable job openings Jordan could have applied for, and Jordan had the time and internet access to apply. Jordan applied to 1 of them. Jordan's rent and electricity are due today. Using the money Jordan can access today, Jordan can pay these bills in full and still have some money left over. No additional money will arrive before the bills are due.","Jordan Lee worked as a machine operator until the factory closed after the company relocated production. In the past four weeks, Jordan received no job offers and did no paid work. During those weeks, there were 8 suitable job openings Jordan could have applied for, and Jordan had the time and internet access to apply. Jordan applied to all 8 of them. Jordan's rent and electricity are due today. Using the money Jordan can access today, Jordan can pay these bills in full and still have some money left over. No additional money will arrive before the bills are due.",,,,
86,"Casey Patel worked as a line cook until the restaurant went out of business. In the past four weeks, Casey received no job offers and did no paid work. During those weeks, there were 8 suitable job openings Casey could have applied for, and Casey had the time and internet access to apply. Casey applied to all 8 of them. Due today: rent of $990 and water and heating of $630. Casey has $670 in a checking account and $340 in cash, and these are the only funds Casey can access today. No additional money will arrive before the bills are due.","Casey Patel worked as a line cook until the restaurant went out of business. In the past four weeks, Casey received no job offers and did no paid work. During those weeks, there were 8 suitable job openings Casey could have applied for, and Casey had the time and internet access to apply. Casey applied to 1 of them. Due today: rent of $990 and water and heating of $630. Casey has $670 in a checking account and $340 in cash, and these are the only funds Casey can access today. No additional money will arrive before the bills are due.",,,,
87,"Morgan Diaz worked as a line cook until the restaurant went out of business. In the past four weeks, Morgan received no job offers and did no paid work. During those weeks, there were 8 suitable job openings Morgan could have applied for, and Morgan had the time and internet access to apply. Morgan applied to 1 of them. Due today: mortgage payment of $1,430 and electricity of $780. Morgan has $770 in a checking account and $380 in cash, and these are the only funds Morgan can access today. No additional money will arrive before the bills are due.","Morgan Diaz worked as a line cook until the restaurant went out of business. In the past four weeks, Morgan received no job offers and did no paid work. During those weeks, there were 8 suitable job openings Morgan could have applied for, and Morgan had the time and internet access to apply. Morgan applied to all 8 of them. Due today: mortgage payment of $1,430 and electricity of $780. Morgan has $770 in a checking account and $380 in cash, and these are the only funds Morgan can access today. No additional money will arrive before the bills are due.",,,,
88,"Casey Patel worked as a retail supervisor until the store closed when the chain went bankrupt. In the past four weeks, Casey received no job offers and did no paid work. During those weeks, there were 8 suitable job openings Casey could have applied for, and Casey had the time and internet access to apply. Casey applied to 1 of them. Due today: mortgage payment of $770 and electricity of $320. Casey has $1,040 in a checking account and $390 in cash, and these are the only funds Casey can access today. No additional money will arrive before the bills are due.","Casey Patel worked as a retail supervisor until the store closed when the chain went bankrupt. In the past four weeks, Casey received no job offers and did no paid work. During those weeks, there were 8 suitable job openings Casey could have applied for, and Casey had the time and internet access to apply. Casey applied to all 8 of them. Due today: mortgage payment of $770 and electricity of $320. Casey has $1,040 in a checking account and $390 in cash, and these are the only funds Casey can access today. No additional money will arrive before the bills are due.",,,,
89,"Taylor Brooks worked as a line cook until the restaurant went out of business. In the past four weeks, Taylor received no job offers and did no paid work. During those weeks, there were 8 suitable job openings Taylor could have applied for, and Taylor had the time and internet access to apply. Taylor applied to all 8 of them. Due today: rent of $860 and electricity of $650. Taylor has $460 in a checking account and $270 in cash, and these are the only funds Taylor can access today. No additional money will arrive before the bills are due.","Taylor Brooks worked as a line cook until the restaurant went out of business. In the past four weeks, Taylor received no job offers and did no paid work. During those weeks, there were 8 suitable job openings Taylor could have applied for, and Taylor had the time and internet access to apply. Taylor applied to 1 of them. Due today: rent of $860 and electricity of $650. Taylor has $460 in a checking account and $270 in cash, and these are the only funds Taylor can access today. No additional money will arrive before the bills are due.",,,,
90,"Taylor Brooks worked as a retail supervisor until the store closed when the chain went bankrupt. In the past four weeks, Taylor received no job offers and did no paid work. During those weeks, there were 8 suitable job openings Taylor could have applied for, and Taylor had the time and internet access to apply. Taylor applied to 1 of them. Taylor's essential bills due today total $850. All the money Taylor can access today (income, savings, and any outside help combined) totals $450. No additional money will arrive before the bills are due.","Taylor Brooks worked as a retail supervisor until the store closed when the chain went bankrupt. In the past four weeks, Taylor received no job offers and did no paid work. During those weeks, there were 8 suitable job openings Taylor could have applied for, and Taylor had the time and internet access to apply. Taylor applied to all 8 of them. Taylor's essential bills due today total $850. All the money Taylor can access today (income, savings, and any outside help combined) totals $450. No additional money will arrive before the bills are due.",,,,
91,"Quinn Foster worked as a machine operator until the factory closed after the company relocated production. In the past four weeks, Quinn received no job offers and did no paid work. During those weeks, there were 8 suitable job openings Quinn could have applied for, and Quinn had the time and internet access to apply. Quinn applied to all 8 of them. Quinn's rent and electricity are due today. Even using every dollar Quinn can access today, including income, savings, and any outside help, Quinn cannot pay these bills in full. No additional money will arrive before the bills are due.","Quinn Foster worked as a machine operator until the factory closed after the company relocated production. In the past four weeks, Quinn received no job offers and did no paid work. During those weeks, there were 8 suitable job openings Quinn could have applied for, and Quinn had the time and internet access to apply. Quinn applied to 1 of them. Quinn's rent and electricity are due today. Even using every dollar Quinn can access today, including income, savings, and any outside help, Quinn cannot pay these bills in full. No additional money will arrive before the bills are due.",,,,
92,"Alex Morgan worked as a bookkeeper until the accounting firm shut down its local office. In the past four weeks, Alex received no job offers and did no paid work. During those weeks, there were 8 suitable job openings Alex could have applied for, and Alex had the time and internet access to apply. Alex applied to 1 of them. Due today: mortgage payment of $1,630 and electricity of $570. Alex has $760 in a checking account and $410 in cash, and these are the only funds Alex can access today. No additional money will arrive before the bills are due.","Alex Morgan worked as a bookkeeper until the accounting firm shut down its local office. In the past four weeks, Alex received no job offers and did no paid work. During those weeks, there were 8 suitable job openings Alex could have applied for, and Alex had the time and internet access to apply. Alex applied to all 8 of them. Due today: mortgage payment of $1,630 and electricity of $570. Alex has $760 in a checking account and $410 in cash, and these are the only funds Alex can access today. No additional money will arrive before the bills are due.",,,,
93,"Jamie Novak worked as a warehouse associate until the distribution center closed permanently. In the past four weeks, Jamie received no job offers and did no paid work. During those weeks, there were 8 suitable job openings Jamie could have applied for, and Jamie had the time and internet access to apply. Jamie applied to all 8 of them. Due today: mortgage payment of $900 and electricity of $460. Jamie has $1,430 in a checking account and $710 in cash, and these are the only funds Jamie can access today. No additional money will arrive before the bills are due.","Jamie Novak worked as a warehouse associate until the distribution center closed permanently. In the past four weeks, Jamie received no job offers and did no paid work. During those weeks, there were 8 suitable job openings Jamie could have applied for, and Jamie had the time and internet access to apply. Jamie applied to 1 of them. Due today: mortgage payment of $900 and electricity of $460. Jamie has $1,430 in a checking account and $710 in cash, and these are the only funds Jamie can access today. No additional money will arrive before the bills are due.",,,,
94,"Jamie Novak worked as a bookkeeper until the accounting firm shut down its local office. In the past four weeks, Jamie received no job offers and did no paid work. During those weeks, there were 8 suitable job openings Jamie could have applied for, and Jamie had the time and internet access to apply. Jamie applied to 1 of them. Due today: rent of $1,300 and electricity of $740. Jamie has $2,030 in a checking account and $1,100 in cash, and these are the only funds Jamie can access today. No additional money will arrive before the bills are due.","Jamie Novak worked as a bookkeeper until the accounting firm shut down its local office. In the past four weeks, Jamie received no job offers and did no paid work. During those weeks, there were 8 suitable job openings Jamie could have applied for, and Jamie had the time and internet access to apply. Jamie applied to all 8 of them. Due today: rent of $1,300 and electricity of $740. Jamie has $2,030 in a checking account and $1,100 in cash, and these are the only funds Jamie can access today. No additional money will arrive before the bills are due.",,,,
95,"Jamie Novak worked as a warehouse associate until the distribution center closed permanently. In the past four weeks, Jamie received no job offers and did no paid work. During those weeks, there were 8 suitable job openings Jamie could have applied for, and Jamie had the time and internet access to apply. Jamie applied to 1 of them. Jamie's essential bills due today total $2,200. All the money Jamie can access today (income, savings, and any outside help combined) totals $1,160. No additional money will arrive before the bills are due.","Jamie Novak worked as a warehouse associate until the distribution center closed permanently. In the past four weeks, Jamie received no job offers and did no paid work. During those weeks, there were 8 suitable job openings Jamie could have applied for, and Jamie had the time and internet access to apply. Jamie applied to all 8 of them. Jamie's essential bills due today total $2,200. All the money Jamie can access today (income, savings, and any outside help combined) totals $1,160. No additional money will arrive before the bills are due.",,,,
96,"Riley Chen worked as a machine operator until the factory closed after the company relocated production. In the past four weeks, Riley received no job offers and did no paid work. During those weeks, there were 8 suitable job openings Riley could have applied for, and Riley had the time and internet access to apply. Riley applied to all 8 of them. Riley's rent and electricity are due today. Even using every dollar Riley can access today, including income, savings, and any outside help, Riley cannot pay these bills in full. No additional money will arrive before the bills are due.","Riley Chen worked as a machine operator until the factory closed after the company relocated production. In the past four weeks, Riley received no job offers and did no paid work. During those weeks, there were 8 suitable job openings Riley could have applied for, and Riley had the time and internet access to apply. Riley applied to 1 of them. Riley's rent and electricity are due today. Even using every dollar Riley can access today, including income, savings, and any outside help, Riley cannot pay these bills in full. No additional money will arrive before the bills are due.",,,,
97,"Jamie Novak worked as a retail supervisor until the store closed when the chain went bankrupt. In the past four weeks, Jamie received no job offers and did no paid work. During those weeks, there were 8 suitable job openings Jamie could have applied for, and Jamie had the time and internet access to apply. Jamie applied to all 8 of them. Jamie's essential bills due today total $1,050. All the money Jamie can access today (income, savings, and any outside help combined) totals $540. No additional money will arrive before the bills are due.","Jamie Novak worked as a retail supervisor until the store closed when the chain went bankrupt. In the past four weeks, Jamie received no job offers and did no paid work. During those weeks, there were 8 suitable job openings Jamie could have applied for, and Jamie had the time and internet access to apply. Jamie applied to 1 of them. Jamie's essential bills due today total $1,050. All the money Jamie can access today (income, savings, and any outside help combined) totals $540. No additional money will arrive before the bills are due.",,,,
98,"Jamie Novak worked as a retail supervisor until the store closed when the chain went bankrupt. In the past four weeks, Jamie received no job offers and did no paid work. During those weeks, there were 8 suitable job openings Jamie could have applied for, and Jamie had the time and internet access to apply. Jamie applied to 1 of them. Due today: rent of $1,290 and water and heating of $870. Jamie has $1,050 in a checking account and $290 in cash, and these are the only funds Jamie can access today. No additional money will arrive before the bills are due.","Jamie Novak worked as a retail supervisor until the store closed when the chain went bankrupt. In the past four weeks, Jamie received no job offers and did no paid work. During those weeks, there were 8 suitable job openings Jamie could have applied for, and Jamie had the time and internet access to apply. Jamie applied to all 8 of them. Due today: rent of $1,290 and water and heating of $870. Jamie has $1,050 in a checking account and $290 in cash, and these are the only funds Jamie can access today. No additional money will arrive before the bills are due.",,,,
99,"Jamie Novak worked as a retail supervisor until the store closed when the chain went bankrupt. In the past four weeks, Jamie received no job offers and did no paid work. During those weeks, there were 8 suitable job openings Jamie could have applied for, and Jamie had the time and internet access to apply. Jamie applied to 1 of them. Jamie's essential bills due today total $2,020. All the money Jamie can access today (income, savings, and any outside help combined) totals $3,070. No additional money will arrive before the bills are due.","Jamie Novak worked as a retail supervisor until the store closed when the chain went bankrupt. In the past four weeks, Jamie received no job offers and did no paid work. During those weeks, there were 8 suitable job openings Jamie could have applied for, and Jamie had the time and internet access to apply. Jamie applied to all 8 of them. Jamie's essential bills due today total $2,020. All the money Jamie can access today (income, savings, and any outside help combined) totals $3,070. No additional money will arrive before the bills are due.",,,,
100,"Riley Chen worked as a retail supervisor until the store closed when the chain went bankrupt. In the past four weeks, Riley received no job offers and did no paid work. During those weeks, there were 8 suitable job openings Riley could have applied for, and Riley had the time and internet access to apply. Riley applied to 1 of them. Riley's essential bills due today total $1,450. All the money Riley can access today (income, savings, and any outside help combined) totals $840. No additional money will arrive before the bills are due.","Riley Chen worked as a retail supervisor until the store closed when the chain went bankrupt. In the past four weeks, Riley received no job offers and did no paid work. During those weeks, there were 8 suitable job openings Riley could have applied for, and Riley had the time and internet access to apply. Riley applied to all 8 of them. Riley's essential bills due today total $1,450. All the money Riley can access today (income, savings, and any outside help combined) totals $840. No additional money will arrive before the bills are due.",,,,
